<?xml version="1.0" encoding="UTF-8"?>
<window id="90000">
	<defaultcontrol>90053</defaultcontrol>
	<allowoverlay>yes</allowoverlay>
	<animation effect="fade" time="100">WindowOpen</animation>
	<animation effect="fade" time="100">WindowClose</animation>
	<coordinates>
		<posX>200</posX>
		<posY>100</posY>
	</coordinates>
	<controls>
		<control type="image">
			<description>Black Background</description>
			<posx>74</posx>
			<posy>58</posy>
			<width>1140</width>
			<height>600</height>
			<texture>ContentPanel.png</texture>
		</control>

		<control type="image">
			<description>Calender Chooser</description>
			<posx>925</posx>
			<posy>70</posy>
			<width>200</width>
			<height>26</height>
			<texture>List/MenuItemFO.png</texture>
			<visible>Control.HasFocus(90007)|Control.HasFocus(90008)</visible>
		</control>
	

		<control type="button" id="90004">
			<description>Next Button</description>
			<posx>45</posx>
			<posy>100</posy>
			<width>40</width>
			<height>200</height>
			<visible>true</visible>
			<colordiffuse>FFFFFFFF</colordiffuse>
			<texturefocus>nav_back2_focus.png</texturefocus>
			<texturenofocus>nav_back2.png</texturenofocus>
			<label>
			</label>
			<font>font12</font>
			<textcolor></textcolor>
		</control>



		<control type="button" id="90005">
			<description>Next Button</description>
			<posx>1203</posx>
			<posy>100</posy>
			<width>40</width>
			<height>200</height>
			<visible>true</visible>
			<colordiffuse>FFFFFFFF</colordiffuse>
			<texturefocus>nav_forward2_focus.png</texturefocus>
			<texturenofocus>nav_forward2.png</texturenofocus>
			<label>
			</label>
			<font>font12</font>
			<textcolor></textcolor>
		</control>


		
		<control type="label" id="90009">
			<posx>1110</posx>
			<posy>72</posy>
			<width>200</width>
			<height>22</height>
			<font>font12</font>
			<aligny>center</aligny>
			<align>right</align>
			<textcolor>white</textcolor>
			<label></label>

		</control>
		
		<control type="button" id="90007">
			<description>Calendar Up</description>
			<posx>1151</posx>
			<posy>72</posy>
			<width>25</width>
			<height>25</height>
			<visible>true</visible>
			<colordiffuse>FFFFFFFF</colordiffuse>
			<texturefocus>List/scroll-up-focus-2.png</texturefocus>
			<texturenofocus>List/scroll-up-2.png</texturenofocus>
			<font>font12</font>
			<onleft>90008</onleft>
			<ondown>90053</ondown>
			<textcolor></textcolor>
		</control>
		
		<control type="button" id="90008">
			<description>Calendar Down</description>
			<posx>1126</posx>
			<posy>72</posy>
			<width>25</width>
			<height>25</height>
			<visible>true</visible>
			<colordiffuse>FFFFFFFF</colordiffuse>
			<texturefocus>List/scroll-down-focus-2.png</texturefocus>
			<texturenofocus>List/scroll-down-2.png</texturenofocus>
			<font>font12</font>
			<onright>90007</onright>
			<ondown>90053</ondown>
			<textcolor></textcolor>
		</control>

		<control type="image">
			<description>list separator</description>
			<posx>110</posx>
			<posy>435</posy>
			<width>1070</width>
			<height>5</height>
			<texture>separator.png</texture>
		</control>

		<control type="image">
			<description>list separator</description>
			<posx>360</posx>
			<posy>170</posy>
			<width>5</width>
			<height>275</height>
			<texture>separator_vertical.png</texture>
		</control>

		<control type="image">
			<description>list separator</description>
			<posx>642</posx>
			<posy>170</posy>
			<width>5</width>
			<height>275</height>
			<texture>separator_vertical.png</texture>
		</control>

		<control type="image">
			<description>list separator</description>
			<posx>909</posx>
			<posy>170</posy>
			<width>5</width>
			<height>275</height>
			<texture>separator_vertical.png</texture>
		</control>

		<control type="image">
			<description>Heading Background</description>
			<posx>110</posx>
			<posy>105</posy>
			<width>1070</width>
			<height>40</height>
			<texture>heading.png</texture>
		</control>


		<control type="label" id="90010">
			<posx>130</posx>
			<posy>115</posy>
			<width>430</width>
			<height>22</height>
			<font>font14</font>
			<aligny>center</aligny>
			<align>left</align>
			<textcolor>gold</textcolor>
			<label></label>
		</control>

		<control type="label" id="90011">
			<posx>400</posx>
			<posy>115</posy>
			<width>430</width>
			<height>22</height>
			<font>font14</font>
			<aligny>center</aligny>
			<align>left</align>
			<textcolor>gold</textcolor>
			<label></label>
		</control>

		<control type="label" id="90012">
			<posx>670</posx>
			<posy>115</posy>
			<width>430</width>
			<height>22</height>
			<font>font14</font>
			<aligny>center</aligny>
			<align>left</align>
			<textcolor>gold</textcolor>
			<label></label>
		</control>

		<control type="label" id="90013">
			<posx>940</posx>
			<posy>115</posy>
			<width>430</width>
			<height>22</height>
			<font>font14</font>
			<aligny>center</aligny>
			<align>left</align>
			<textcolor>gold</textcolor>
			<label></label>
		</control>

		<control type="textbox" id="90015">
			<posx>440</posx>
			<posy>480</posy>
			<width>450</width>
			<height>155</height>
			<font>font12</font>
			<colordiffuse>FFFFFFFF</colordiffuse>
			<font>font13</font>
			<textcolor>FFFFFFFF</textcolor>
			<pagecontrol>13</pagecontrol>
			<scrolltime>200</scrolltime>
			<autoscroll delay="3000" time="1000" repeat="10000">!Control.HasFocus(13)
			</autoscroll>
			<label></label>
		</control>

		<control type="label" id="90016">
			<posx>440</posx>
			<posy>445</posy>
			<width>600</width>
			<height>25</height>
			<font>font14</font>
			<align>left</align>
			<textcolor>gold</textcolor>
			<shadowcolor>ff222222</shadowcolor>
			<label></label>
		</control>

		<control type="image" id="90017">
			<description>screenshot</description>
			<posx>110</posx>
			<posy>450</posy>
			<width>310</width>
			<height>175</height>
			<texture></texture>
		</control>

		<control type="image" id="90018">
			<description>rating</description>
			<posx>1035</posx>
			<posy>450</posy>
			<width>135</width>
			<height>22</height>
			<visible>true</visible>
			<aspectratio scalediffuse="true" align="left" aligny="center">center</aspectratio>
			<texture></texture>
		</control>

		<control type="image" id="90020">
			<description>network</description>
			<posx>1048</posx>
			<posy>490</posy>
			<width>120</width>
			<height>120</height>
			<visible>true</visible>
			<texture></texture>
			<aspectratio scalediffuse="true" align="right" aligny="center">keep
			</aspectratio>
		</control>

		<control type="list" id="90050">
			<description>Episodes 1</description>
			<posx>100</posx>
			<posy>150</posy>
			<width>250</width>
			<height>275</height>
			<visible>true</visible>
			<onleft>90053</onleft>
			<onright>90051</onright>
			<onup>90007</onup>
			<viewtype label="3D list">list</viewtype>
			<orientation>vertical</orientation>
			<pagecontrol>25</pagecontrol>
			<autoscroll>false</autoscroll>
			<scrolltime tween="sine" easing="out">200</scrolltime>
			<itemlayout width="250" height="29">
				<control type="image">
					<posx>5</posx>
					<posy>3</posy>
					<width>22</width>
					<height>22</height>
					<info>ListItem.Icon</info>
				</control>
				<control type="label">
					<posx>30</posx>
					<posy>3</posy>
					<width>430</width>
					<height>22</height>
					<font>font11</font>
					<aligny>center</aligny>
					<align>left</align>
					<info>ListItem.Label</info>
					<texture>List/MenuItemFO.png</texture>
					<scroll>Control.HasFocus(90050)</scroll>
				</control>
			</itemlayout>
			<focusedlayout height="29" width="250">
				<control type="image">
					<width>485</width>
					<height>29</height>
					<posx>0</posx>
					<posy>0</posy>
					<visible>Control.HasFocus(90050)</visible>
					<texture>List/MenuItemFO.png</texture>
				</control>
				<control type="image">
					<posx>5</posx>
					<posy>3</posy>
					<width>22</width>
					<height>22</height>
					<info>ListItem.Icon</info>
				</control>
				<control type="label">
					<posx>30</posx>
					<posy>3</posy>
					<width>430</width>
					<height>22</height>
					<font>font11</font>
					<aligny>center</aligny>
					<align>left</align>
					<info>ListItem.Label</info>
					<scroll>Control.HasFocus(90050)</scroll>
				</control>
			</focusedlayout>
		</control>

		<control type="list" id="90051">
			<description>Episodes 2</description>
			<posx>370</posx>
			<posy>150</posy>
			<width>250</width>
			<height>275</height>
			<visible>true</visible>
			<onleft>90050</onleft>
			<onright>90052</onright>
			<onup>90007</onup>
			<viewtype label="3D list">list</viewtype>
			<orientation>vertical</orientation>
			<pagecontrol>25</pagecontrol>
			<autoscroll>false</autoscroll>
			<scrolltime tween="sine" easing="out">200</scrolltime>
			<itemlayout width="250" height="29">
				<control type="image">
					<posx>5</posx>
					<posy>3</posy>
					<width>22</width>
					<height>22</height>
					<info>ListItem.Icon</info>
				</control>
				<control type="label">
					<posx>30</posx>
					<posy>3</posy>
					<width>430</width>
					<height>22</height>
					<font>font11</font>
					<aligny>center</aligny>
					<align>left</align>
					<info>ListItem.Label</info>
					<texture>List/MenuItemFO.png</texture>
					<scroll>Control.HasFocus(90051)</scroll>
				</control>
			</itemlayout>
			<focusedlayout height="29" width="250">
				<control type="image">
					<width>485</width>
					<height>29</height>
					<posx>0</posx>
					<posy>0</posy>
					<visible>Control.HasFocus(90051)</visible>
					<texture>List/MenuItemFO.png</texture>
				</control>
				<control type="image">
					<posx>5</posx>
					<posy>3</posy>
					<width>22</width>
					<height>22</height>
					<info>ListItem.Icon</info>
				</control>
				<control type="label">
					<posx>30</posx>
					<posy>3</posy>
					<width>430</width>
					<height>22</height>
					<font>font11</font>
					<aligny>center</aligny>
					<align>left</align>
					<info>ListItem.Label</info>
					<scroll>Control.HasFocus(90051)</scroll>
				</control>
			</focusedlayout>
		</control>

		<control type="list" id="90052">
			<description>Episodes 3</description>
			<posx>645</posx>
			<posy>150</posy>
			<width>250</width>
			<height>275</height>
			<visible>true</visible>
			<onleft>90051</onleft>
			<onright>90053</onright>
			<onup>90007</onup>
			<viewtype label="3D list">list</viewtype>
			<orientation>vertical</orientation>
			<pagecontrol>25</pagecontrol>
			<autoscroll>false</autoscroll>
			<scrolltime tween="sine" easing="out">200</scrolltime>
			<itemlayout width="250" height="29">
				<control type="image">
					<posx>5</posx>
					<posy>3</posy>
					<width>22</width>
					<height>22</height>
					<info>ListItem.Icon</info>
				</control>
				<control type="label">
					<posx>30</posx>
					<posy>3</posy>
					<width>430</width>
					<height>22</height>
					<font>font11</font>
					<aligny>center</aligny>
					<align>left</align>
					<info>ListItem.Label</info>
					<texture>List/MenuItemFO.png</texture>
				</control>
			</itemlayout>
			<focusedlayout height="29" width="250">
				<control type="image">
					<width>485</width>
					<height>29</height>
					<posx>0</posx>
					<posy>0</posy>
					<visible>Control.HasFocus(90052)</visible>
					<texture>List/MenuItemFO.png</texture>
				</control>
				<control type="image">
					<posx>5</posx>
					<posy>3</posy>
					<width>22</width>
					<height>22</height>
					<info>ListItem.Icon</info>
				</control>
				<control type="label">
					<posx>30</posx>
					<posy>3</posy>
					<width>430</width>
					<height>22</height>
					<font>font11</font>
					<aligny>center</aligny>
					<align>left</align>
					<info>ListItem.Label</info>
				</control>
			</focusedlayout>
		</control>
		<control type="list" id="90053">
			<description>Episodes 4</description>
			<posx>910</posx>
			<posy>150</posy>
			<width>250</width>
			<height>255</height>
			<visible>true</visible>
			<onleft>90052</onleft>
			<onright>90050</onright>
			<onup>90007</onup>
			<viewtype label="3D list">list</viewtype>
			<orientation>vertical</orientation>
			<pagecontrol>25</pagecontrol>
			<autoscroll>false</autoscroll>
			<scrolltime tween="sine" easing="out">200</scrolltime>
			<itemlayout width="250" height="29">
				<control type="image">
					<posx>5</posx>
					<posy>3</posy>
					<width>22</width>
					<height>22</height>
					<info>ListItem.Icon</info>
				</control>
				<control type="label">
					<posx>30</posx>
					<posy>3</posy>
					<width>430</width>
					<height>22</height>
					<font>font11</font>
					<aligny>center</aligny>
					<align>left</align>
					<info>ListItem.Label</info>
					<texture>List/MenuItemFO.png</texture>
				</control>
			</itemlayout>
			<focusedlayout height="29" width="250">
				<control type="image">
					<width>485</width>
					<height>29</height>
					<posx>0</posx>
					<posy>0</posy>
					<visible>Control.HasFocus(90053)</visible>
					<texture>List/MenuItemFO.png</texture>
				</control>
				<control type="image">
					<posx>5</posx>
					<posy>3</posy>
					<width>22</width>
					<height>22</height>
					<info>ListItem.Icon</info>
				</control>
				<control type="label">
					<posx>30</posx>
					<posy>3</posy>
					<width>430</width>
					<height>22</height>
					<font>font11</font>
					<aligny>center</aligny>
					<align>left</align>
					<info>ListItem.Label</info>
				</control>
			</focusedlayout>
		</control>
	</controls>
</window>

